{"cameraMode":{"drawMode":0,"name":"Shaded","section":"Shading Mode"},"sceneLighting":true,"audioPlay":false,"sceneViewState":{"showFog":true,"showMaterialUpdate":false,"showSkybox":true,"showFlares":true,"showImageEffects":true,"showParticleSystems":true},"in2DMode":false,"pivot":{"x":-0.27245330810546877,"y":-1.300286889076233,"z":1.6815282106399537},"rotation":{"x":-0.1062188521027565,"y":0.7100415825843811,"z":-0.10971714556217194,"w":-0.6874021291732788},"size":4.751181125640869,"orthographic":false}