{"cameraMode":{"drawMode":0,"name":"Shaded","section":"Shading Mode"},"sceneLighting":true,"audioPlay":false,"sceneViewState":{"showFog":true,"showMaterialUpdate":false,"showSkybox":true,"showFlares":true,"showImageEffects":true,"showParticleSystems":true},"in2DMode":false,"pivot":{"x":29.546558380126954,"y":-20.581195831298829,"z":-15.298317909240723},"rotation":{"x":0.1331365406513214,"y":0.8265326619148254,"z":-0.2197071760892868,"w":0.5008565187454224},"size":46.457733154296878,"orthographic":false}